_id,latitude,longitude,rssi,logdate,mcc,mnc,lac,cellid,site_lat,site_lng,tech,ber,callstate,roaming,datastate,dataactivity,make,model,mobilerxbytes,mobiletxbytes,totalrxbytes,totaltxbytes,snr,notes,cellname
1,29888585,-97946522,-71,21 Mar 2014 14:29:02,310,260,2791,25942,0,0,UMTS,0,IDLE,No,DISCONNECTED,NONE,samsung,SGH-T699,1825,1022,651654,195102,-1,,
2,29888538,-97946462,-65,21 Mar 2014 14:29:08,310,260,2791,15942,0,0,HSPA+,0,IDLE,No,CONNECTED,OUT,samsung,SGH-T699,18571,5471,23318,10218,-1,,
3,29888506,-97946398,-67,21 Mar 2014 14:29:13,310,260,2791,15942,0,0,HSPA+,0,IDLE,No,CONNECTED,INOUT,samsung,SGH-T699,38595,15666,42021,19060,-1,,
4,29888490,-97946283,-69,21 Mar 2014 14:29:17,310,260,2791,15942,0,0,HSPA+,0,IDLE,No,CONNECTED,INOUT,samsung,SGH-T699,35563,13089,41076,18602,-1,,
5,29888489,-97946222,-69,21 Mar 2014 14:29:22,310,260,2791,15942,0,0,HSPA+,0,IDLE,No,CONNECTED,INOUT,samsung,SGH-T699,14355,3834,14937,4416,-1,,
6,29888493,-97946162,-71,21 Mar 2014 14:29:28,310,260,2791,15942,0,0,HSPA+,0,IDLE,No,CONNECTED,OUT,samsung,SGH-T699,880,1488,1460,2068,-1,,
7,29888501,-97946105,-75,21 Mar 2014 14:29:33,310,260,2791,15942,0,0,HSPA+,0,IDLE,No,CONNECTED,INOUT,samsung,SGH-T699,15257,5478,15865,6058,-1,,
8,29888513,-97946053,-73,21 Mar 2014 14:29:37,310,260,2791,15942,0,0,UMTS,0,IDLE,No,CONNECTED,NONE,samsung,SGH-T699,0,0,580,580,-1,,
9,29888522,-97945945,-73,21 Mar 2014 14:29:42,310,260,2791,15942,0,0,HSPA+,0,IDLE,No,CONNECTED,INOUT,samsung,SGH-T699,28896,8622,30348,10074,-1,,
10,29888544,-97945896,-75,21 Mar 2014 14:29:47,310,260,2791,15942,0,0,HSPA+,0,IDLE,No,CONNECTED,INOUT,samsung,SGH-T699,20307,5641,20887,6221,-1,,
11,29888569,-97945840,-77,21 Mar 2014 14:29:52,310,260,2791,15942,0,0,HSPA+,0,IDLE,No,CONNECTED,OUT,samsung,SGH-T699,10795,3916,11375,4496,-1,,
12,29888607,-97945719,-81,21 Mar 2014 14:29:57,310,260,2791,15942,0,0,HSPA+,0,IDLE,No,CONNECTED,INOUT,samsung,SGH-T699,13994,4539,14574,5119,-1,,
13,29888620,-97945663,-79,21 Mar 2014 14:30:02,310,260,2791,65535,0,0,HSPA+,0,IDLE,No,CONNECTED,INOUT,samsung,SGH-T699,9128,3429,9708,4009,-1,,
14,29888622,-97945603,-77,21 Mar 2014 14:30:08,310,260,2791,13641,29885516,-97952085,HSPA+,0,IDLE,No,CONNECTED,INOUT,samsung,SGH-T699,512,1096,1208,1792,-1,,
15,29888629,-97945543,-77,21 Mar 2014 14:30:14,310,260,2791,65535,0,0,UMTS,0,IDLE,No,CONNECTED,OUT,samsung,SGH-T699,776,796,1456,1476,-1,,
16,29888690,-97945462,-81,21 Mar 2014 14:30:17,310,260,2791,13641,29885516,-97952085,UMTS,0,IDLE,No,CONNECTED,NONE,samsung,SGH-T699,420,52,884,516,-1,,
17,29888719,-97945416,-81,21 Mar 2014 14:30:22,310,260,2791,13641,29885516,-97952085,UMTS,0,IDLE,No,CONNECTED,NONE,samsung,SGH-T699,0,60,580,640,-1,,
18,29888762,-97945381,-81,21 Mar 2014 14:30:27,310,260,2791,13641,29885516,-97952085,UMTS,0,IDLE,No,CONNECTED,INOUT,samsung,SGH-T699,180,498,760,1078,-1,,
19,29888806,-97945361,-83,21 Mar 2014 14:30:32,310,260,2791,13641,29885516,-97952085,HSPA+,0,IDLE,No,CONNECTED,NONE,samsung,SGH-T699,4731,944,5311,1524,-1,,
20,29888861,-97945349,-83,21 Mar 2014 14:30:37,310,260,2791,13641,29885516,-97952085,UMTS,0,IDLE,No,CONNECTED,INOUT,samsung,SGH-T699,660,936,1240,1516,-1,,
21,29888904,-97945311,-81,21 Mar 2014 14:30:42,310,260,2791,13641,29885516,-97952085,UMTS,0,IDLE,No,CONNECTED,NONE,samsung,SGH-T699,0,0,464,464,-1,,
22,29888995,-97945228,-81,21 Mar 2014 14:30:47,310,260,2791,13641,29885516,-97952085,UMTS,0,IDLE,No,CONNECTED,NONE,samsung,SGH-T699,0,0,464,464,-1,,
23,29889048,-97945228,-75,21 Mar 2014 14:30:52,310,260,2791,15947,0,0,UMTS,0,IDLE,No,CONNECTED,NONE,samsung,SGH-T699,408,392,1104,1088,-1,,
24,29889102,-97945233,-69,21 Mar 2014 14:30:57,310,260,2791,15947,0,0,UMTS,0,IDLE,No,CONNECTED,NONE,samsung,SGH-T699,0,0,464,464,-1,,
25,29889150,-97945326,-69,21 Mar 2014 14:31:02,310,260,2791,15947,0,0,UMTS,0,IDLE,No,DISCONNECTED,NONE,samsung,SGH-T699,0,0,2436,2260,-1,,
26,29889150,-97945326,-71,21 Mar 2014 14:31:07,310,260,2791,15947,0,0,UMTS,0,IDLE,No,DISCONNECTED,NONE,samsung,SGH-T699,0,0,35441,12462,-1,,
27,29889173,-97945380,-75,21 Mar 2014 14:31:12,310,260,2791,15947,0,0,UMTS,0,IDLE,No,DISCONNECTED,NONE,samsung,SGH-T699,0,0,38376,23542,-1,,
28,29889235,-97945460,-75,21 Mar 2014 14:31:17,310,260,2791,15947,0,0,UMTS,0,IDLE,No,DISCONNECTED,NONE,samsung,SGH-T699,0,0,14901,4335,-1,,
29,29889273,-97945512,-75,21 Mar 2014 14:31:22,310,260,2791,15947,0,0,UMTS,0,IDLE,No,DISCONNECTED,NONE,samsung,SGH-T699,0,0,1728,1205,-1,,
30,29889302,-97945570,-75,21 Mar 2014 14:31:27,310,260,2791,15947,0,0,UMTS,0,IDLE,No,DISCONNECTED,NONE,samsung,SGH-T699,0,0,684,660,-1,,
31,29889352,-97945681,-75,21 Mar 2014 14:31:32,310,260,2791,15947,0,0,UMTS,0,IDLE,No,DISCONNECTED,NONE,samsung,SGH-T699,0,0,13296,3504,-1,,
32,29889377,-97945738,-75,21 Mar 2014 14:31:37,310,260,2791,15947,0,0,UMTS,0,IDLE,No,DISCONNECTED,NONE,samsung,SGH-T699,0,0,696,830,-1,,
33,29889382,-97945802,-75,21 Mar 2014 14:31:42,310,260,2791,15947,0,0,UMTS,0,IDLE,No,CONNECTING,NONE,samsung,SGH-T699,0,0,2151,2151,-1,,
34,29889398,-97945907,-75,21 Mar 2014 14:31:47,310,260,2791,15947,0,0,HSPA+,0,IDLE,No,CONNECTED,INOUT,samsung,SGH-T699,42167,11406,45956,15195,-1,,
35,29889433,-97945952,-75,21 Mar 2014 14:31:52,310,260,2791,15947,0,0,HSPA+,0,IDLE,No,CONNECTED,INOUT,samsung,SGH-T699,45415,20116,52435,27104,-1,,
36,29889471,-97945993,-75,21 Mar 2014 14:31:57,310,260,2791,15947,0,0,HSPA+,0,IDLE,No,CONNECTED,NONE,samsung,SGH-T699,2198,1311,2778,1891,-1,,
37,29889510,-97946036,-77,21 Mar 2014 14:32:02,310,260,2791,15947,0,0,HSPA+,0,IDLE,No,CONNECTED,INOUT,samsung,SGH-T699,15445,4830,16057,5410,-1,,
38,29889547,-97946082,-77,21 Mar 2014 14:32:08,310,260,2791,15947,0,0,UMTS,0,IDLE,No,CONNECTED,INOUT,samsung,SGH-T699,1184,836,1764,1416,-1,,
39,29889618,-97946170,-73,21 Mar 2014 14:32:12,310,260,2791,15947,0,0,HSPA+,0,IDLE,No,CONNECTED,NONE,samsung,SGH-T699,13765,3441,14445,4121,-1,,
40,29889648,-97946217,-73,21 Mar 2014 14:32:20,310,260,2791,15947,0,0,UMTS,0,IDLE,No,DISCONNECTED,INOUT,samsung,SGH-T699,1184,1162,6425,5851,-1,,
41,29889682,-97946269,-71,21 Mar 2014 14:32:22,310,260,2791,15947,0,0,UMTS,0,IDLE,No,DISCONNECTED,NONE,samsung,SGH-T699,0,0,64267,22912,-1,,
42,29889683,-97946329,-71,21 Mar 2014 14:32:27,310,260,2791,15947,0,0,UMTS,0,IDLE,No,DISCONNECTED,NONE,samsung,SGH-T699,0,0,30638,18993,-1,,
43,29889677,-97946382,-69,21 Mar 2014 14:32:32,310,260,2791,15947,0,0,UMTS,0,IDLE,No,DISCONNECTED,NONE,samsung,SGH-T699,0,0,15471,4925,-1,,
44,29889654,-97946502,-65,21 Mar 2014 14:32:37,310,260,2791,15947,0,0,UMTS,0,IDLE,No,DISCONNECTED,NONE,samsung,SGH-T699,0,0,608,580,-1,,
45,29889648,-97946568,-65,21 Mar 2014 14:32:42,310,260,2791,15947,0,0,UMTS,0,IDLE,No,DISCONNECTED,NONE,samsung,SGH-T699,0,0,13766,4234,-1,,
46,29889636,-97946632,-59,21 Mar 2014 14:32:48,310,260,2791,15947,0,0,UMTS,0,IDLE,No,DISCONNECTED,NONE,samsung,SGH-T699,0,0,2196,1551,-1,,
47,29889619,-97946694,-59,21 Mar 2014 14:32:53,310,260,2791,15947,0,0,UMTS,0,IDLE,No,DISCONNECTED,NONE,samsung,SGH-T699,0,0,680,580,-1,,
48,29889602,-97946759,-55,21 Mar 2014 14:32:58,310,260,2791,15947,0,0,UMTS,0,IDLE,No,DISCONNECTED,NONE,samsung,SGH-T699,0,0,1397,620,-1,,
49,29889567,-97946888,-55,21 Mar 2014 14:33:02,310,260,2791,15947,0,0,UMTS,0,IDLE,No,DISCONNECTED,NONE,samsung,SGH-T699,0,0,684,724,-1,,
50,29889533,-97946933,-55,21 Mar 2014 14:33:07,310,260,2791,15947,0,0,UMTS,0,IDLE,No,DISCONNECTED,NONE,samsung,SGH-T699,0,0,14866,4426,-1,,
51,29889533,-97946933,-55,21 Mar 2014 14:33:12,310,260,2791,15947,0,0,UMTS,0,IDLE,No,DISCONNECTED,NONE,samsung,SGH-T699,0,0,712,680,-1,,
52,29889533,-97946933,-51,21 Mar 2014 14:33:17,310,260,2791,15947,0,0,UMTS,0,IDLE,No,DISCONNECTED,NONE,samsung,SGH-T699,0,0,580,580,-1,,
53,29889533,-97946933,-51,21 Mar 2014 14:33:22,310,260,2791,15947,0,0,UMTS,0,IDLE,No,DISCONNECTED,NONE,samsung,SGH-T699,0,0,580,580,-1,,
54,29889533,-97946933,-53,21 Mar 2014 14:33:27,310,260,2791,15947,0,0,UMTS,0,IDLE,No,DISCONNECTED,NONE,samsung,SGH-T699,0,0,580,580,-1,,
55,29889540,-97946987,-53,21 Mar 2014 14:33:32,310,260,2791,15947,0,0,UMTS,0,IDLE,No,DISCONNECTED,NONE,samsung,SGH-T699,0,0,580,580,-1,,
56,29889529,-97947053,-53,21 Mar 2014 14:33:37,310,260,2791,15947,0,0,UMTS,0,IDLE,No,DISCONNECTED,NONE,samsung,SGH-T699,0,0,580,580,-1,,
57,29889511,-97947170,-55,21 Mar 2014 14:33:42,310,260,2791,15947,0,0,UMTS,0,IDLE,No,DISCONNECTED,NONE,samsung,SGH-T699,0,0,580,580,-1,,
58,29889534,-97947218,-55,21 Mar 2014 14:33:47,310,260,2791,15947,0,0,UMTS,0,IDLE,No,DISCONNECTED,NONE,samsung,SGH-T699,0,0,15124,4634,-1,,
59,29889573,-97947256,-61,21 Mar 2014 14:33:52,310,260,2791,15947,0,0,UMTS,0,IDLE,No,DISCONNECTED,NONE,samsung,SGH-T699,0,0,580,580,-1,,
60,29889617,-97947277,-61,21 Mar 2014 14:33:57,310,260,2791,15947,0,0,UMTS,0,IDLE,No,DISCONNECTED,NONE,samsung,SGH-T699,0,0,612,580,-1,,
61,29889703,-97947348,-65,21 Mar 2014 14:34:02,310,260,2791,15947,0,0,UMTS,0,IDLE,No,DISCONNECTED,NONE,samsung,SGH-T699,0,0,924,868,-1,,
62,29889747,-97947387,-67,21 Mar 2014 14:34:08,310,260,2791,15947,0,0,UMTS,0,IDLE,No,DISCONNECTED,NONE,samsung,SGH-T699,0,0,580,580,-1,,
63,29889821,-97947452,-67,21 Mar 2014 14:34:12,310,260,2791,15947,0,0,UMTS,0,IDLE,No,DISCONNECTED,NONE,samsung,SGH-T699,0,0,680,680,-1,,
64,29889888,-97947529,-67,21 Mar 2014 14:34:17,310,260,2791,15947,0,0,UMTS,0,IDLE,No,DISCONNECTED,NONE,samsung,SGH-T699,0,0,580,580,-1,,
65,29889920,-97947565,-67,21 Mar 2014 14:34:22,310,260,2791,15947,0,0,UMTS,0,IDLE,No,DISCONNECTED,NONE,samsung,SGH-T699,0,0,464,464,-1,,
66,29889987,-97947639,-67,21 Mar 2014 14:34:27,310,260,2791,15947,0,0,UMTS,0,IDLE,No,DISCONNECTED,NONE,samsung,SGH-T699,0,0,580,580,-1,,
67,29890023,-97947673,-71,21 Mar 2014 14:34:32,310,260,2791,15947,0,0,UMTS,0,IDLE,No,DISCONNECTED,NONE,samsung,SGH-T699,0,0,580,580,-1,,
68,29890072,-97947707,-71,21 Mar 2014 14:34:37,310,260,2791,15947,0,0,UMTS,0,IDLE,No,DISCONNECTED,NONE,samsung,SGH-T699,0,0,580,580,-1,,
69,29890113,-97947803,-71,21 Mar 2014 14:34:42,310,260,2791,15947,0,0,UMTS,0,IDLE,No,DISCONNECTED,NONE,samsung,SGH-T699,0,0,612,580,-1,,
70,29890129,-97947859,-69,21 Mar 2014 14:34:47,310,260,2791,15947,0,0,UMTS,0,IDLE,No,DISCONNECTED,NONE,samsung,SGH-T699,0,0,528,528,-1,,
71,29890136,-97947922,-65,21 Mar 2014 14:34:52,310,260,2791,15947,0,0,UMTS,0,IDLE,No,DISCONNECTED,NONE,samsung,SGH-T699,0,0,580,580,-1,,
72,29890124,-97947978,-63,21 Mar 2014 14:34:57,310,260,2791,15947,0,0,UMTS,0,IDLE,No,DISCONNECTED,NONE,samsung,SGH-T699,0,0,580,580,-1,,
73,29890118,-97948038,-63,21 Mar 2014 14:35:02,310,260,2791,15947,0,0,UMTS,0,IDLE,No,DISCONNECTED,NONE,samsung,SGH-T699,0,0,580,580,-1,,
74,29890114,-97948102,-63,21 Mar 2014 14:35:07,310,260,2791,15947,0,0,UMTS,0,IDLE,No,DISCONNECTED,NONE,samsung,SGH-T699,0,0,632,920,-1,,
75,29890057,-97948203,-65,21 Mar 2014 14:35:12,310,260,2791,15947,0,0,UMTS,0,IDLE,No,DISCONNECTED,NONE,samsung,SGH-T699,0,0,564,864,-1,,
76,29890021,-97948253,-65,21 Mar 2014 14:35:17,310,260,2791,15947,0,0,UMTS,0,IDLE,No,DISCONNECTED,NONE,samsung,SGH-T699,0,0,872,992,-1,,
77,29890017,-97948309,-65,21 Mar 2014 14:35:22,310,260,2791,15947,0,0,UMTS,0,IDLE,No,DISCONNECTED,NONE,samsung,SGH-T699,0,0,580,640,-1,,
78,29890026,-97948432,-63,21 Mar 2014 14:35:28,310,260,2791,15942,0,0,HSPA+,0,IDLE,No,CONNECTED,INOUT,samsung,SGH-T699,30038,9422,35716,14708,-1,,
79,29890023,-97948498,-63,21 Mar 2014 14:35:32,310,260,2791,15942,0,0,UMTS,0,IDLE,No,DISCONNECTED,NONE,samsung,SGH-T699,1508,919,52687,20502,-1,,
80,29890023,-97948560,-67,21 Mar 2014 14:35:44,310,260,2791,15942,0,0,UMTS,0,IDLE,No,DISCONNECTED,NONE,samsung,SGH-T699,0,0,76130,32863,-1,,
81,29890004,-97948619,-69,21 Mar 2014 14:35:45,310,260,2791,15942,0,0,UMTS,0,IDLE,No,DISCONNECTED,NONE,samsung,SGH-T699,0,0,0,0,-1,,
82,29889949,-97948719,-69,21 Mar 2014 14:35:47,310,260,2791,15942,0,0,UMTS,0,IDLE,No,DISCONNECTED,NONE,samsung,SGH-T699,0,0,348,348,-1,,
83,29889916,-97948768,-69,21 Mar 2014 14:35:52,310,260,2791,15942,0,0,UMTS,0,IDLE,No,DISCONNECTED,NONE,samsung,SGH-T699,0,0,632,842,-1,,
84,29889882,-97948815,-69,21 Mar 2014 14:35:57,310,260,2791,15942,0,0,UMTS,0,IDLE,No,DISCONNECTED,NONE,samsung,SGH-T699,0,0,14802,4298,-1,,
85,29889812,-97948911,-69,21 Mar 2014 14:36:02,310,260,2791,15942,0,0,UMTS,0,IDLE,No,DISCONNECTED,NONE,samsung,SGH-T699,0,0,1632,2202,-1,,
86,29889773,-97948953,-69,21 Mar 2014 14:36:07,310,260,2791,15942,0,0,UMTS,0,IDLE,No,DISCONNECTED,NONE,samsung,SGH-T699,0,0,580,580,-1,,
87,29889737,-97948998,-69,21 Mar 2014 14:36:12,310,260,2791,15942,0,0,UMTS,0,IDLE,No,DISCONNECTED,NONE,samsung,SGH-T699,0,0,1840,723,-1,,
88,29889709,-97949051,-69,21 Mar 2014 14:36:17,310,260,2791,15942,0,0,UMTS,0,IDLE,No,DISCONNECTED,NONE,samsung,SGH-T699,0,0,14980,4385,-1,,
89,29889690,-97949106,-69,21 Mar 2014 14:36:22,310,260,2791,15942,0,0,UMTS,0,IDLE,No,DISCONNECTED,NONE,samsung,SGH-T699,0,0,872,751,-1,,
90,29889630,-97949198,-71,21 Mar 2014 14:36:27,310,260,2791,15942,0,0,UMTS,0,IDLE,No,DISCONNECTED,NONE,samsung,SGH-T699,0,0,464,464,-1,,
91,29889596,-97949242,-73,21 Mar 2014 14:36:32,310,260,2791,15947,0,0,UMTS,0,IDLE,No,DISCONNECTED,NONE,samsung,SGH-T699,0,0,1148,1088,-1,,
92,29889560,-97949286,-73,21 Mar 2014 14:36:44,310,260,2791,15942,0,0,UMTS,0,IDLE,No,DISCONNECTED,NONE,samsung,SGH-T699,0,0,1852,1744,-1,,
93,29889527,-97949331,-73,21 Mar 2014 14:36:44,310,260,2791,15942,0,0,UMTS,0,IDLE,No,DISCONNECTED,NONE,samsung,SGH-T699,0,0,0,0,-1,,
94,29889457,-97949420,-75,21 Mar 2014 14:36:47,310,260,2791,15942,0,0,UMTS,0,IDLE,No,DISCONNECTED,NONE,samsung,SGH-T699,0,0,464,464,-1,,
95,29889417,-97949460,-75,21 Mar 2014 14:36:52,310,260,2791,15942,0,0,UMTS,0,IDLE,No,DISCONNECTED,NONE,samsung,SGH-T699,0,0,612,659,-1,,
96,29889379,-97949507,-75,21 Mar 2014 14:36:57,310,260,2791,15948,0,0,UMTS,0,IDLE,No,DISCONNECTED,NONE,samsung,SGH-T699,0,0,10347,3318,-1,,
97,29889298,-97949596,-73,21 Mar 2014 14:37:02,310,260,2791,15948,0,0,UMTS,0,IDLE,No,DISCONNECTED,NONE,samsung,SGH-T699,0,0,6097,2420,-1,,
98,29889257,-97949637,-73,21 Mar 2014 14:37:07,310,260,2791,15948,0,0,UMTS,0,IDLE,No,DISCONNECTED,NONE,samsung,SGH-T699,0,0,612,580,-1,,
99,29889217,-97949684,-75,21 Mar 2014 14:37:12,310,260,2791,15948,0,0,UMTS,0,IDLE,No,DISCONNECTED,NONE,samsung,SGH-T699,0,0,680,680,-1,,
100,29889179,-97949729,-75,21 Mar 2014 14:37:17,310,260,2791,15948,0,0,UMTS,0,IDLE,No,DISCONNECTED,NONE,samsung,SGH-T699,0,0,580,580,-1,,
101,29889141,-97949773,-73,21 Mar 2014 14:37:22,310,260,2791,15948,0,0,UMTS,0,IDLE,No,DISCONNECTED,NONE,samsung,SGH-T699,0,0,580,580,-1,,
102,29889069,-97949847,-71,21 Mar 2014 14:37:27,310,260,2791,15948,0,0,UMTS,0,IDLE,No,DISCONNECTED,NONE,samsung,SGH-T699,0,0,2452,700,-1,,
103,29889036,-97949888,-71,21 Mar 2014 14:37:32,310,260,2791,15948,0,0,UMTS,0,IDLE,No,DISCONNECTED,NONE,samsung,SGH-T699,0,0,580,580,-1,,
104,29889036,-97949888,-69,21 Mar 2014 14:37:37,310,260,2791,15948,0,0,UMTS,0,IDLE,No,DISCONNECTED,NONE,samsung,SGH-T699,0,0,580,580,-1,,
105,29888987,-97949982,-69,21 Mar 2014 14:37:42,310,260,2791,15948,0,0,UMTS,0,IDLE,No,DISCONNECTED,NONE,samsung,SGH-T699,0,0,580,580,-1,,
106,29888981,-97950041,-67,21 Mar 2014 14:37:47,310,260,2791,15948,0,0,UMTS,0,IDLE,No,DISCONNECTED,NONE,samsung,SGH-T699,0,0,560,528,-1,,
107,29888967,-97950167,-67,21 Mar 2014 14:37:52,310,260,2791,15948,0,0,UMTS,0,IDLE,No,DISCONNECTED,NONE,samsung,SGH-T699,0,0,464,464,-1,,
108,29888960,-97950225,-69,21 Mar 2014 14:37:57,310,260,2791,15948,0,0,UMTS,0,IDLE,No,DISCONNECTED,NONE,samsung,SGH-T699,0,0,496,464,-1,,
109,29888950,-97950286,-69,21 Mar 2014 14:38:02,310,260,2791,15948,0,0,UMTS,0,IDLE,No,DISCONNECTED,NONE,samsung,SGH-T699,0,0,580,580,-1,,
110,29888975,-97950337,-69,21 Mar 2014 14:38:07,310,260,2791,15948,0,0,UMTS,0,IDLE,No,DISCONNECTED,NONE,samsung,SGH-T699,0,0,464,464,-1,,
111,29889013,-97950381,-69,21 Mar 2014 14:38:12,310,260,2791,15948,0,0,UMTS,0,IDLE,No,DISCONNECTED,NONE,samsung,SGH-T699,0,0,564,564,-1,,
112,29889079,-97950475,-69,21 Mar 2014 14:38:17,310,260,2791,15948,0,0,UMTS,0,IDLE,No,DISCONNECTED,NONE,samsung,SGH-T699,0,0,580,640,-1,,
113,29889104,-97950521,-69,21 Mar 2014 14:38:22,310,260,2791,15948,0,0,UMTS,0,IDLE,No,DISCONNECTED,NONE,samsung,SGH-T699,0,0,12850,4026,-1,,
114,29889131,-97950568,-69,21 Mar 2014 14:38:27,310,260,2791,15948,0,0,UMTS,0,IDLE,No,DISCONNECTED,NONE,samsung,SGH-T699,0,0,3694,1368,-1,,
115,29889167,-97950611,-69,21 Mar 2014 14:38:32,310,260,2791,15948,0,0,UMTS,0,IDLE,No,DISCONNECTED,NONE,samsung,SGH-T699,0,0,580,580,-1,,
116,29889232,-97950701,-71,21 Mar 2014 14:38:37,310,260,2791,15948,0,0,UMTS,0,IDLE,No,DISCONNECTED,NONE,samsung,SGH-T699,0,0,492,464,-1,,
117,29889249,-97950759,-71,21 Mar 2014 14:38:42,310,260,2791,15948,0,0,UMTS,0,IDLE,No,DISCONNECTED,NONE,samsung,SGH-T699,0,0,612,580,-1,,
118,29889266,-97950817,-71,21 Mar 2014 14:38:47,310,260,2791,15948,0,0,UMTS,0,IDLE,No,DISCONNECTED,NONE,samsung,SGH-T699,0,0,580,580,-1,,
119,29889262,-97950939,-71,21 Mar 2014 14:38:52,310,260,2791,15948,0,0,UMTS,0,IDLE,No,DISCONNECTED,NONE,samsung,SGH-T699,0,0,580,580,-1,,
120,29889244,-97950989,-71,21 Mar 2014 14:38:57,310,260,2791,15948,0,0,UMTS,0,IDLE,No,DISCONNECTED,NONE,samsung,SGH-T699,0,0,580,580,-1,,
121,29889229,-97951038,-69,21 Mar 2014 14:39:02,310,260,2791,15948,0,0,UMTS,0,IDLE,No,DISCONNECTED,NONE,samsung,SGH-T699,0,0,580,580,-1,,
122,29889203,-97951085,-71,21 Mar 2014 14:39:07,310,260,2791,15948,0,0,UMTS,0,IDLE,No,DISCONNECTED,NONE,samsung,SGH-T699,0,0,580,580,-1,,
123,29889138,-97951182,-71,21 Mar 2014 14:39:13,310,260,2791,15948,0,0,HSPA+,0,IDLE,No,CONNECTED,INOUT,samsung,SGH-T699,15990,5635,21935,11188,-1,,
124,29889098,-97951227,-69,21 Mar 2014 14:39:18,310,260,2791,15948,0,0,UMTS,0,IDLE,No,DISCONNECTED,NONE,samsung,SGH-T699,908,919,5220,6305,-1,,
125,29889059,-97951273,-69,21 Mar 2014 14:39:59,310,260,2791,15943,0,0,UMTS,0,IDLE,No,DISCONNECTED,NONE,samsung,SGH-T699,0,0,34448,47058,-1,,
126,29889020,-97951318,-67,21 Mar 2014 14:39:59,310,260,2791,15943,0,0,UMTS,0,IDLE,No,DISCONNECTED,NONE,samsung,SGH-T699,0,0,116,753,-1,,
127,29888979,-97951362,-65,21 Mar 2014 14:40:00,310,260,2791,15943,0,0,UMTS,0,IDLE,No,DISCONNECTED,NONE,samsung,SGH-T699,0,0,0,0,-1,,
128,29888910,-97951451,-61,21 Mar 2014 14:40:00,310,260,2791,15943,0,0,UMTS,0,IDLE,No,DISCONNECTED,NONE,samsung,SGH-T699,0,0,148,195,-1,,
129,29888882,-97951499,-61,21 Mar 2014 14:40:01,310,260,2791,15943,0,0,UMTS,0,IDLE,No,DISCONNECTED,NONE,samsung,SGH-T699,0,0,0,0,-1,,
130,29888848,-97951539,-61,21 Mar 2014 14:40:01,310,260,2791,15943,0,0,UMTS,0,IDLE,No,DISCONNECTED,NONE,samsung,SGH-T699,0,0,116,197,-1,,
131,29888812,-97951580,-63,21 Mar 2014 14:40:02,310,260,2791,15943,0,0,UMTS,0,IDLE,No,DISCONNECTED,NONE,samsung,SGH-T699,0,0,1184,1263,-1,,
132,29888743,-97951650,-63,21 Mar 2014 14:40:02,310,260,2791,15943,0,0,UMTS,0,IDLE,No,DISCONNECTED,NONE,samsung,SGH-T699,0,0,116,192,-1,,
133,29888712,-97951695,-63,21 Mar 2014 14:40:03,310,260,2791,15943,0,0,UMTS,0,IDLE,No,DISCONNECTED,NONE,samsung,SGH-T699,0,0,0,60,-1,,
134,29888674,-97951742,-63,21 Mar 2014 14:40:07,310,260,2791,15943,0,0,UMTS,0,IDLE,No,DISCONNECTED,NONE,samsung,SGH-T699,0,0,1931,2758,-1,,
135,29888633,-97951788,-63,21 Mar 2014 14:40:12,310,260,2791,15943,0,0,UMTS,0,IDLE,No,DISCONNECTED,NONE,samsung,SGH-T699,0,0,2113,3218,-1,,
136,29888569,-97951879,-63,21 Mar 2014 14:40:17,310,260,2791,15943,0,0,UMTS,0,IDLE,No,DISCONNECTED,NONE,samsung,SGH-T699,0,0,4976,7075,-1,,
137,29888567,-97951945,-59,21 Mar 2014 14:40:22,310,260,2791,15943,0,0,UMTS,0,IDLE,No,DISCONNECTED,NONE,samsung,SGH-T699,0,0,4395,6402,-1,,
138,29888594,-97952001,-61,21 Mar 2014 14:40:27,310,260,2791,15943,0,0,UMTS,0,IDLE,No,DISCONNECTED,NONE,samsung,SGH-T699,0,0,3278,5278,-1,,
139,29888668,-97952089,-59,21 Mar 2014 14:40:32,310,260,2791,15943,0,0,UMTS,0,IDLE,No,DISCONNECTED,NONE,samsung,SGH-T699,0,0,3280,5109,-1,,
140,29888704,-97952135,-59,21 Mar 2014 14:40:37,310,260,2791,15943,0,0,UMTS,0,IDLE,No,DISCONNECTED,NONE,samsung,SGH-T699,0,0,5963,2531,-1,,
141,29888743,-97952178,-59,21 Mar 2014 14:40:42,310,260,2791,15943,0,0,UMTS,0,IDLE,No,CONNECTING,NONE,samsung,SGH-T699,0,0,1307,1838,-1,,
142,29888779,-97952222,-53,21 Mar 2014 14:40:47,310,260,2791,15943,0,0,HSPA+,0,IDLE,No,DISCONNECTED,INOUT,samsung,SGH-T699,25204,7894,29285,12162,-1,,
143,29888857,-97952315,-53,21 Mar 2014 14:40:52,310,260,2791,15943,0,0,HSPA+,0,IDLE,No,DISCONNECTED,NONE,samsung,SGH-T699,460,96,33982,14143,-1,,
144,29888896,-97952359,-57,21 Mar 2014 14:40:57,310,260,2791,15943,0,0,HSPA+,0,IDLE,No,DISCONNECTED,IN,samsung,SGH-T699,993,0,20856,6751,-1,,
145,29888932,-97952405,-57,21 Mar 2014 14:41:02,310,260,2791,15943,0,0,HSPA+,0,IDLE,No,DISCONNECTED,NONE,samsung,SGH-T699,136,0,1008,843,-1,,
146,29888971,-97952446,-55,21 Mar 2014 14:41:07,310,260,2791,15943,29889276,-97962657,UMTS,0,IDLE,No,DISCONNECTED,NONE,samsung,SGH-T699,52,0,15447,5422,-1,,
147,29889043,-97952535,-55,21 Mar 2014 14:41:12,310,260,2791,15943,29889276,-97962657,HSPA+,0,IDLE,No,DISCONNECTED,NONE,samsung,SGH-T699,408,0,1642,1215,-1,,
148,29889078,-97952584,-55,21 Mar 2014 14:41:17,310,260,2791,15943,29889276,-97962657,UMTS,0,IDLE,No,DISCONNECTED,NONE,samsung,SGH-T699,52,0,8993,7518,-1,,
149,29889116,-97952623,-55,21 Mar 2014 14:41:22,310,260,2791,15943,29889276,-97962657,HSPA+,0,IDLE,No,DISCONNECTED,NONE,samsung,SGH-T699,408,0,8010,5919,-1,,
150,29889135,-97952670,-55,21 Mar 2014 14:41:27,310,260,2791,15943,29889276,-97962657,UMTS,0,IDLE,No,DISCONNECTED,NONE,samsung,SGH-T699,52,0,6788,2647,-1,,
151,29889092,-97952764,-57,21 Mar 2014 14:41:32,310,260,2791,15943,29889276,-97962657,UMTS,0,IDLE,No,DISCONNECTED,NONE,samsung,SGH-T699,408,0,11350,3820,-1,,
152,29889078,-97952817,-57,21 Mar 2014 14:41:37,310,260,2791,15943,29889276,-97962657,UMTS,0,IDLE,No,DISCONNECTED,NONE,samsung,SGH-T699,324,0,904,765,-1,,
153,29889066,-97952872,-59,21 Mar 2014 14:41:42,310,260,2791,15943,29889276,-97962657,UMTS,0,IDLE,No,DISCONNECTED,NONE,samsung,SGH-T699,136,0,1356,674,-1,,
154,29889084,-97952920,-57,21 Mar 2014 14:41:47,310,260,2791,15943,29889276,-97962657,UMTS,0,IDLE,No,DISCONNECTED,NONE,samsung,SGH-T699,52,0,1064,1088,-1,,
155,29889142,-97953006,-57,21 Mar 2014 14:41:52,310,260,2791,15943,29889276,-97962657,UMTS,0,IDLE,No,DISCONNECTED,NONE,samsung,SGH-T699,0,0,13379,5422,-1,,
156,29889176,-97953044,-61,21 Mar 2014 14:41:57,310,260,2791,15943,29889276,-97962657,UMTS,0,IDLE,No,DISCONNECTED,NONE,samsung,SGH-T699,0,0,17248,5747,-1,,
157,29889212,-97953082,-61,21 Mar 2014 14:42:02,310,260,2791,15943,29889276,-97962657,UMTS,0,IDLE,No,DISCONNECTED,NONE,samsung,SGH-T699,0,0,15116,4373,-1,,
158,29889250,-97953118,-61,21 Mar 2014 14:42:07,310,260,2791,15943,29889276,-97962657,UMTS,0,IDLE,No,DISCONNECTED,NONE,samsung,SGH-T699,0,0,1200,1013,-1,,
159,29889321,-97953199,-61,21 Mar 2014 14:42:12,310,260,2791,15943,29889276,-97962657,UMTS,0,IDLE,No,DISCONNECTED,NONE,samsung,SGH-T699,0,0,1380,1188,-1,,
160,29889362,-97953233,-63,21 Mar 2014 14:42:17,310,260,2791,15943,29889276,-97962657,UMTS,0,IDLE,No,DISCONNECTED,NONE,samsung,SGH-T699,0,0,15990,4328,-1,,
161,29889407,-97953265,-65,21 Mar 2014 14:42:22,310,260,2791,15943,29889276,-97962657,UMTS,0,IDLE,No,DISCONNECTED,NONE,samsung,SGH-T699,0,0,580,580,-1,,
162,29889450,-97953302,-63,21 Mar 2014 14:42:27,310,260,2791,15943,29889276,-97962657,UMTS,0,IDLE,No,DISCONNECTED,NONE,samsung,SGH-T699,0,0,1220,634,-1,,
163,29889482,-97953341,-63,21 Mar 2014 14:42:32,310,260,2791,15943,29889276,-97962657,UMTS,0,IDLE,No,DISCONNECTED,NONE,samsung,SGH-T699,0,0,580,580,-1,,
164,29889562,-97953404,-65,21 Mar 2014 14:42:37,310,260,2791,15943,29889276,-97962657,UMTS,0,IDLE,No,DISCONNECTED,NONE,samsung,SGH-T699,0,0,580,820,-1,,
165,29889562,-97953404,-65,21 Mar 2014 14:42:42,310,260,2791,15943,29889276,-97962657,UMTS,0,IDLE,No,DISCONNECTED,NONE,samsung,SGH-T699,0,0,13930,3658,-1,,
